TransactionID,ProductCD,TransactionAmt,card_no,card_type,isFraud
1,ProductC,701.18,3863XXXX2177,Visa,0
2,ProductD,540.74,5760XXXX1011,Mastercard,0
3,ProductA,316.43,6252XXXX5399,Mastercard,0
4,ProductC,815.66,9234XXXX6445,Mastercard,0
5,ProductC,687.88,7570XXXX9212,Amex,0
6,ProductD,170.99,1406XXXX5431,Mastercard,0
7,ProductA,911.82,6243XXXX7542,Amex,0
8,ProductA,824.31,7936XXXX9906,Mastercard,0
9,ProductC,950.3,5146XXXX1140,Mastercard,0
10,ProductB,728.46,5882XXXX7012,Visa,0
11,ProductC,617.28,1963XXXX8151,Mastercard,0
12,ProductC,424.06,9564XXXX4610,Mastercard,0
13,ProductC,933.4,7894XXXX8311,Visa,0
14,ProductC,867.4,1105XXXX6539,Amex,0
15,ProductD,54.77,7787XXXX3137,Amex,0
16,ProductA,36.1,5445XXXX4530,Mastercard,0
17,ProductD,382.7,2286XXXX8052,Amex,0
18,ProductD,812.45,4654XXXX8102,Mastercard,0
19,ProductD,987.4,3359XXXX9105,Visa,0
20,ProductC,158.91,9636XXXX7441,Visa,0
21,ProductB,598.19,6047XXXX9227,Mastercard,0
22,ProductA,387.08,6203XXXX2798,Visa,0
23,ProductB,970.22,6291XXXX6495,Visa,0
24,ProductD,843.7,7284XXXX8285,Mastercard,0
25,ProductD,839.95,2300XXXX7869,Mastercard,0
26,ProductB,474.01,4097XXXX5616,Visa,0
27,ProductB,420.67,1009XXXX6752,Amex,0
28,ProductB,280.67,7295XXXX5815,Amex,0
29,ProductD,65.81,2072XXXX4225,Mastercard,0
30,ProductD,866.08,2316XXXX6699,Mastercard,0
31,ProductA,814.77,7807XXXX7674,Amex,0
32,ProductA,999.72,4683XXXX8227,Visa,0
33,ProductD,996.67,4273XXXX8000,Amex,0
34,ProductB,559.88,1145XXXX6010,Amex,0
35,ProductB,771.3,4040XXXX1482,Amex,0
36,ProductA,945.32,4179XXXX2249,Amex,0
37,ProductD,851.15,1630XXXX9853,Mastercard,0
38,ProductA,254.87,3852XXXX1987,Mastercard,0
39,ProductA,456.04,8622XXXX8327,Visa,0
40,ProductC,137.87,9841XXXX2100,Visa,0
41,ProductC,954.51,7652XXXX9632,Visa,0
42,ProductC,610.11,8421XXXX6016,Visa,0
43,ProductB,236.36,1769XXXX2343,Amex,0
44,ProductD,674.98,5358XXXX7780,Mastercard,0
45,ProductD,621.95,7602XXXX3349,Mastercard,0
46,ProductD,364.58,6699XXXX2241,Visa,0
47,ProductD,122.42,2125XXXX7764,Visa,0
48,ProductC,674.86,6101XXXX8843,Amex,0
49,ProductB,525.1,1072XXXX6472,Amex,0
50,ProductB,774.6,6189XXXX3472,Visa,0
51,ProductC,524.96,1707XXXX2804,Mastercard,0
52,ProductB,853.66,7704XXXX4713,Mastercard,0
53,ProductC,556.39,6051XXXX3475,Mastercard,0
54,ProductD,565.33,4610XXXX5255,Visa,0
55,ProductC,877.89,8397XXXX2735,Mastercard,0
56,ProductD,409.45,9258XXXX8979,Amex,0
57,ProductD,142.68,3428XXXX8426,Amex,0
58,ProductA,38.49,9533XXXX6249,Visa,1
59,ProductC,757.59,6291XXXX3817,Amex,0
60,ProductA,624.11,4874XXXX5211,Visa,0
61,ProductC,707.04,1661XXXX4374,Mastercard,0
62,ProductC,220.83,1207XXXX3665,Mastercard,0
63,ProductA,145.01,3493XXXX7813,Mastercard,0
64,ProductA,24.4,1632XXXX4083,Amex,0
65,ProductC,357.08,4719XXXX8123,Visa,0
66,ProductB,594.02,2679XXXX1236,Mastercard,0
67,ProductD,398.32,8446XXXX5443,Visa,0
68,ProductA,443.1,7770XXXX7099,Mastercard,0
69,ProductD,905.12,9555XXXX3368,Amex,0
70,ProductB,354.77,1285XXXX1148,Amex,0
71,ProductB,518.85,5037XXXX7549,Visa,0
72,ProductB,785.82,8121XXXX5895,Amex,0
73,ProductA,402.58,6280XXXX2012,Amex,0
74,ProductB,625.87,3785XXXX4725,Visa,0
75,ProductA,863.74,5576XXXX6782,Mastercard,0
76,ProductB,950.03,7257XXXX3408,Amex,0
77,ProductD,155.6,1340XXXX3817,Visa,0
78,ProductD,927.32,3496XXXX6962,Amex,0
79,ProductC,497.2,6299XXXX8574,Amex,0
80,ProductD,265.66,2689XXXX4267,Amex,0
81,ProductC,464.54,5406XXXX9453,Amex,0
82,ProductD,980.23,2442XXXX9597,Visa,0
83,ProductA,497.69,5437XXXX6435,Visa,0
84,ProductD,335.46,9435XXXX5107,Visa,0
85,ProductC,637.07,1560XXXX9785,Amex,0
86,ProductC,247.74,6548XXXX2826,Amex,0
87,ProductB,85.1,8629XXXX9325,Amex,1
88,ProductA,137.59,4138XXXX8693,Visa,0
89,ProductD,136.77,9264XXXX8842,Amex,0
90,ProductB,160.38,7721XXXX8002,Mastercard,1
91,ProductD,147.44,5225XXXX3978,Amex,0
92,ProductD,644.47,8373XXXX6907,Mastercard,0
93,ProductB,190.06,7097XXXX6656,Amex,0
94,ProductB,352.21,9984XXXX5259,Visa,0
95,ProductB,897.82,9286XXXX6901,Amex,0
96,ProductB,479.22,5917XXXX9429,Mastercard,0
97,ProductB,670.88,3530XXXX2960,Mastercard,0
98,ProductD,180.6,8045XXXX2048,Amex,0
99,ProductB,200.37,6772XXXX3529,Mastercard,0
100,ProductA,50.46,3964XXXX8137,Mastercard,0
101,ProductC,177.25,1963XXXX1536,Visa,0
102,ProductB,285.8,8340XXXX8179,Amex,0
103,ProductB,185.24,8967XXXX9734,Amex,0
104,ProductD,97.82,1845XXXX6777,Amex,0
105,ProductB,129.43,4036XXXX6947,Mastercard,0
106,ProductB,466.17,3494XXXX3719,Amex,0
107,ProductB,214.27,2884XXXX5349,Amex,0
108,ProductD,370.63,6179XXXX7610,Visa,0
109,ProductB,508.38,7430XXXX8154,Visa,0
110,ProductC,693.49,7488XXXX5737,Visa,0
111,ProductD,48.92,7525XXXX4850,Mastercard,0
112,ProductC,801.42,1689XXXX6175,Amex,0
113,ProductD,631.62,9648XXXX6078,Visa,0
114,ProductB,90.94,6448XXXX2179,Visa,0
115,ProductC,874.84,7406XXXX9591,Visa,0
116,ProductD,921.66,7907XXXX9800,Amex,0
117,ProductA,70.47,2638XXXX6671,Amex,0
118,ProductB,284.11,7928XXXX2382,Amex,0
119,ProductD,808.14,2403XXXX4292,Mastercard,0
120,ProductA,750.78,1419XXXX5517,Mastercard,0
121,ProductD,192.68,4302XXXX8857,Visa,0
122,ProductA,217.26,8870XXXX6693,Amex,0
123,ProductB,376.77,1767XXXX3044,Visa,0
124,ProductC,489.68,2549XXXX7140,Amex,0
125,ProductA,622.07,4716XXXX5481,Amex,0
126,ProductD,375.22,8898XXXX7548,Amex,0
127,ProductB,467.91,3293XXXX5837,Mastercard,0
128,ProductA,750.0,8758XXXX7793,Mastercard,0
129,ProductD,46.32,8638XXXX8993,Amex,0
130,ProductD,259.91,7007XXXX6542,Visa,0
131,ProductD,716.22,7356XXXX9433,Amex,0
132,ProductA,896.25,8380XXXX3385,Amex,0
133,ProductA,516.56,5268XXXX1671,Visa,0
134,ProductA,536.79,1163XXXX9656,Amex,0
135,ProductC,116.1,5592XXXX5795,Visa,0
136,ProductA,452.94,5798XXXX7036,Mastercard,0
137,ProductA,537.29,3355XXXX6887,Mastercard,0
138,ProductA,250.05,8961XXXX6827,Visa,0
139,ProductC,276.55,9737XXXX5719,Mastercard,0
140,ProductA,383.51,1593XXXX5839,Mastercard,0
141,ProductD,29.87,8394XXXX4493,Visa,0
142,ProductA,328.86,7164XXXX3672,Mastercard,0
143,ProductD,219.33,5200XXXX1016,Amex,0
144,ProductD,334.22,4191XXXX1392,Amex,0
145,ProductD,128.56,9616XXXX7272,Visa,0
146,ProductC,891.62,1571XXXX4631,Mastercard,0
147,ProductC,597.66,7172XXXX8177,Amex,0
148,ProductC,682.31,9433XXXX4897,Amex,0
149,ProductA,791.28,9123XXXX3279,Mastercard,0
150,ProductD,503.46,9980XXXX8451,Mastercard,0
151,ProductC,96.05,9906XXXX1775,Amex,0
152,ProductC,541.74,7869XXXX3247,Amex,0
153,ProductA,590.97,8088XXXX1078,Visa,0
154,ProductC,747.99,9080XXXX8099,Visa,0
155,ProductA,437.34,4926XXXX8340,Amex,0
156,ProductB,136.3,8083XXXX7230,Visa,0
157,ProductC,290.94,5940XXXX4271,Amex,0
158,ProductB,369.45,4456XXXX8788,Amex,0
159,ProductA,649.46,9599XXXX8650,Visa,0
160,ProductD,575.07,3711XXXX2668,Visa,1
161,ProductC,362.54,1147XXXX7420,Mastercard,0
162,ProductA,986.65,1365XXXX5531,Mastercard,0
163,ProductD,609.72,6330XXXX6510,Mastercard,0
164,ProductD,244.85,9754XXXX9964,Amex,0
165,ProductB,110.76,7493XXXX6439,Visa,0
166,ProductA,161.33,7511XXXX8504,Amex,0
167,ProductD,253.5,2246XXXX4839,Visa,0
168,ProductC,169.07,9551XXXX3376,Amex,0
169,ProductC,194.7,4009XXXX2827,Mastercard,0
170,ProductB,292.24,7979XXXX9569,Mastercard,0
171,ProductD,181.64,5285XXXX7910,Mastercard,0
172,ProductA,897.8,9561XXXX3196,Amex,0
173,ProductC,89.43,4747XXXX9843,Visa,0
174,ProductD,529.27,6978XXXX6607,Visa,0
175,ProductD,416.29,1769XXXX1780,Mastercard,0
176,ProductB,982.55,7303XXXX4983,Mastercard,0
177,ProductC,120.92,9714XXXX1521,Mastercard,0
178,ProductC,403.88,8569XXXX6784,Mastercard,0
179,ProductA,969.78,5583XXXX6946,Visa,0
180,ProductC,866.85,5941XXXX7267,Amex,0
181,ProductA,818.9,8128XXXX3461,Amex,0
182,ProductC,265.32,1685XXXX3160,Amex,0
183,ProductB,179.18,8031XXXX6341,Amex,0
184,ProductC,671.96,1038XXXX5875,Mastercard,0
185,ProductA,930.08,2256XXXX8697,Mastercard,0
186,ProductA,561.2,3196XXXX8165,Mastercard,0
187,ProductB,575.9,1301XXXX8527,Amex,0
188,ProductC,287.18,7381XXXX1646,Mastercard,0
189,ProductC,771.8,9789XXXX9853,Mastercard,0
190,ProductB,195.17,5330XXXX8003,Visa,0
191,ProductC,330.44,4537XXXX5558,Visa,0
192,ProductC,431.18,7579XXXX9474,Mastercard,0
193,ProductA,512.53,5082XXXX5183,Visa,0
194,ProductC,249.99,9652XXXX4754,Visa,0
195,ProductC,123.69,2724XXXX2376,Mastercard,0
196,ProductB,614.51,9706XXXX9894,Mastercard,1
197,ProductB,295.74,2653XXXX3066,Mastercard,0
198,ProductD,585.43,1022XXXX3460,Mastercard,0
199,ProductA,162.82,6926XXXX7251,Amex,0
200,ProductC,486.33,8295XXXX4300,Amex,0
201,ProductC,537.26,7279XXXX9553,Mastercard,0
202,ProductD,61.31,8353XXXX4727,Visa,0
203,ProductC,343.24,7272XXXX6995,Mastercard,0
204,ProductA,143.07,1514XXXX1448,Mastercard,0
205,ProductD,72.74,7019XXXX6343,Visa,0
206,ProductA,990.06,9033XXXX3520,Amex,0
207,ProductD,329.13,4081XXXX2428,Mastercard,0
208,ProductD,811.78,4967XXXX7445,Mastercard,0
209,ProductB,262.09,3159XXXX6132,Amex,0
210,ProductA,684.69,3547XXXX3979,Amex,0
211,ProductC,762.63,3649XXXX9505,Visa,0
212,ProductC,599.68,4083XXXX2037,Amex,0
213,ProductA,476.86,4489XXXX8604,Amex,0
214,ProductC,417.72,8544XXXX3634,Amex,0
215,ProductC,355.38,4983XXXX2778,Visa,0
216,ProductA,930.23,8902XXXX6110,Amex,0
217,ProductD,832.31,6189XXXX8378,Amex,0
218,ProductA,965.38,2124XXXX1697,Visa,0
219,ProductD,133.05,3179XXXX6251,Amex,0
220,ProductC,733.56,2929XXXX2013,Amex,0
221,ProductC,938.96,1226XXXX8321,Visa,0
222,ProductC,189.42,2828XXXX8909,Mastercard,0
223,ProductB,75.83,6588XXXX3023,Visa,0
224,ProductD,743.71,5966XXXX6891,Amex,0
225,ProductB,578.73,2080XXXX6036,Amex,0
226,ProductB,843.41,3563XXXX4292,Amex,0
227,ProductA,148.37,4586XXXX5431,Visa,0
228,ProductB,797.31,7841XXXX7643,Amex,0
229,ProductA,209.61,4959XXXX1161,Amex,0
230,ProductA,172.02,1593XXXX4390,Visa,0
231,ProductB,172.62,6997XXXX7354,Mastercard,0
232,ProductD,816.43,1663XXXX1541,Mastercard,0
233,ProductD,668.55,6433XXXX6093,Amex,0
234,ProductD,527.83,1867XXXX9623,Visa,0
235,ProductD,365.24,6469XXXX7256,Amex,0
236,ProductD,878.43,2169XXXX1830,Visa,0
237,ProductB,398.52,2651XXXX2136,Visa,0
238,ProductB,818.43,3810XXXX9667,Mastercard,0
239,ProductC,444.74,2019XXXX6237,Mastercard,0
240,ProductD,383.17,2283XXXX1659,Visa,0
241,ProductB,468.05,3010XXXX9590,Amex,0
242,ProductC,308.36,2733XXXX3125,Mastercard,0
243,ProductD,750.13,3171XXXX9266,Amex,0
244,ProductA,507.69,4471XXXX6624,Mastercard,0
245,ProductC,239.89,9691XXXX9329,Mastercard,0
246,ProductB,900.58,3097XXXX6068,Amex,0
247,ProductA,390.05,7397XXXX3757,Mastercard,0
248,ProductA,548.12,4920XXXX9186,Mastercard,0
249,ProductA,907.41,2900XXXX3610,Amex,0
250,ProductC,628.0,7900XXXX2449,Mastercard,0
251,ProductB,125.73,9738XXXX6017,Mastercard,0
252,ProductA,940.43,8999XXXX7052,Mastercard,0
253,ProductD,631.43,3096XXXX9895,Amex,0
254,ProductA,341.56,7404XXXX4331,Visa,0
255,ProductA,147.88,8462XXXX6105,Amex,0
256,ProductC,796.08,3978XXXX3839,Visa,0
257,ProductC,623.87,4384XXXX1685,Mastercard,0
258,ProductB,538.13,8531XXXX5283,Visa,0
259,ProductD,894.95,8736XXXX8710,Amex,0
260,ProductC,790.71,2619XXXX7868,Amex,0
261,ProductA,160.16,2431XXXX5713,Mastercard,0
262,ProductB,318.6,5998XXXX1162,Visa,0
263,ProductA,256.0,2974XXXX4291,Mastercard,0
264,ProductA,746.51,9461XXXX1631,Mastercard,0
265,ProductC,43.2,1905XXXX3014,Amex,0
266,ProductB,574.19,8896XXXX1204,Visa,0
267,ProductD,764.83,1581XXXX6675,Visa,0
268,ProductD,878.0,6347XXXX3643,Visa,0
269,ProductC,348.66,9017XXXX3297,Visa,0
270,ProductC,823.04,1874XXXX6560,Mastercard,0
271,ProductB,119.53,1689XXXX5000,Mastercard,0
272,ProductD,847.99,1671XXXX8927,Amex,0
273,ProductD,136.21,2171XXXX6591,Mastercard,0
274,ProductD,403.31,7342XXXX2449,Mastercard,0
275,ProductA,799.32,3539XXXX4959,Amex,0
276,ProductD,158.42,7285XXXX6432,Amex,0
277,ProductA,236.96,5260XXXX3361,Amex,0
278,ProductB,725.03,7164XXXX4670,Mastercard,0
279,ProductA,722.84,2753XXXX9100,Mastercard,0
280,ProductB,644.74,2938XXXX9562,Amex,0
281,ProductD,697.01,6976XXXX7588,Amex,0
282,ProductD,547.3,9616XXXX7304,Amex,0
283,ProductB,259.28,8345XXXX8875,Mastercard,0
284,ProductC,352.24,7633XXXX1597,Mastercard,0
285,ProductB,189.78,4062XXXX3336,Visa,0
286,ProductC,909.37,1572XXXX8521,Mastercard,0
287,ProductA,587.56,7171XXXX8097,Mastercard,0
288,ProductA,406.84,3090XXXX7566,Mastercard,1
289,ProductA,467.39,5624XXXX2633,Amex,0
290,ProductD,947.81,2517XXXX4648,Mastercard,0
291,ProductA,161.82,2537XXXX4137,Amex,0
292,ProductC,590.37,7985XXXX1097,Visa,0
293,ProductA,510.83,4750XXXX9535,Visa,0
294,ProductB,615.34,9174XXXX9103,Amex,0
295,ProductB,27.93,6413XXXX5666,Amex,0
296,ProductD,873.4,1610XXXX2727,Amex,0
297,ProductB,932.8,2854XXXX6055,Mastercard,0
298,ProductC,569.48,3324XXXX6774,Visa,0
299,ProductA,699.68,7519XXXX2749,Amex,0
300,ProductD,923.27,1781XXXX8548,Mastercard,0
301,ProductA,710.17,7823XXXX3105,Visa,0
302,ProductA,161.01,4867XXXX8193,Mastercard,0
303,ProductC,580.53,5976XXXX3113,Visa,0
304,ProductB,610.65,6879XXXX4970,Mastercard,0
305,ProductB,429.89,8264XXXX2577,Visa,0
306,ProductA,739.08,3274XXXX5869,Visa,0
307,ProductD,935.02,7744XXXX3426,Mastercard,0
308,ProductB,926.31,6546XXXX7852,Amex,0
309,ProductD,456.33,3551XXXX7411,Visa,0
310,ProductB,122.11,1007XXXX9087,Amex,0
311,ProductD,984.99,3555XXXX1475,Mastercard,0
312,ProductC,840.51,6416XXXX9676,Amex,0
313,ProductD,133.42,8239XXXX7710,Amex,0
314,ProductC,921.63,6000XXXX5654,Amex,0
315,ProductC,871.2,9078XXXX7063,Amex,0
316,ProductD,523.65,3285XXXX6223,Amex,0
317,ProductC,595.36,7971XXXX4525,Visa,0
318,ProductA,405.01,3822XXXX5943,Visa,0
319,ProductC,64.21,7530XXXX1258,Visa,0
320,ProductB,341.85,1282XXXX2898,Mastercard,0
321,ProductD,804.82,5135XXXX7629,Amex,0
322,ProductA,14.59,4200XXXX6110,Visa,0
323,ProductD,340.16,8167XXXX1612,Mastercard,0
324,ProductB,404.19,1687XXXX4690,Visa,0
325,ProductB,542.02,9804XXXX3307,Visa,0
326,ProductB,920.66,8133XXXX7509,Amex,0
327,ProductC,352.88,6906XXXX3591,Mastercard,0
328,ProductC,353.48,8183XXXX6248,Amex,0
329,ProductD,740.13,9766XXXX6108,Amex,0
330,ProductD,457.7,4604XXXX1669,Visa,0
331,ProductA,232.36,5364XXXX8329,Amex,0
332,ProductA,457.92,2283XXXX1923,Mastercard,0
333,ProductD,149.45,2125XXXX2529,Amex,0
334,ProductC,184.62,9438XXXX4711,Amex,0
335,ProductB,503.38,9004XXXX7274,Amex,0
336,ProductD,424.74,4864XXXX8833,Visa,0
337,ProductA,915.7,7788XXXX1226,Mastercard,0
338,ProductC,368.77,1264XXXX1645,Visa,0
339,ProductD,584.78,8544XXXX6569,Visa,0
340,ProductD,635.94,3990XXXX3504,Visa,0
341,ProductC,22.96,1587XXXX5079,Visa,0
342,ProductD,666.9,4348XXXX7299,Visa,0
343,ProductC,186.26,4831XXXX9381,Mastercard,0
344,ProductB,961.46,2715XXXX7450,Amex,0
345,ProductC,157.18,6433XXXX2098,Visa,0
346,ProductC,420.48,8096XXXX3326,Visa,0
347,ProductC,94.5,7416XXXX7980,Mastercard,0
348,ProductD,996.91,7763XXXX2674,Mastercard,0
349,ProductD,507.17,8950XXXX9915,Amex,0
350,ProductC,599.43,7049XXXX2089,Mastercard,0
351,ProductD,76.41,5578XXXX1155,Amex,1
352,ProductA,752.46,2958XXXX7344,Visa,0
353,ProductA,217.81,6779XXXX7144,Visa,0
354,ProductD,899.07,6063XXXX4830,Amex,0
355,ProductD,213.09,9831XXXX7659,Mastercard,0
356,ProductC,198.78,1441XXXX7040,Amex,0
357,ProductB,46.18,6925XXXX8358,Mastercard,0
358,ProductD,477.35,5628XXXX7370,Visa,0
359,ProductA,569.19,1948XXXX9179,Mastercard,0
360,ProductC,75.05,7115XXXX1459,Amex,0
361,ProductD,777.77,8568XXXX5646,Amex,0
362,ProductA,458.76,1392XXXX2787,Visa,0
363,ProductA,529.15,8374XXXX2138,Mastercard,0
364,ProductB,446.36,5741XXXX8418,Mastercard,0
365,ProductC,406.76,7362XXXX3454,Mastercard,0
366,ProductC,564.04,4674XXXX2377,Visa,0
367,ProductB,163.69,7701XXXX3597,Mastercard,0
368,ProductB,190.11,1141XXXX3659,Amex,0
369,ProductC,863.17,5596XXXX6661,Mastercard,0
370,ProductC,946.65,7142XXXX6626,Visa,0
371,ProductD,379.58,9787XXXX9472,Mastercard,0
372,ProductD,278.04,1423XXXX7999,Mastercard,0
373,ProductB,647.56,5249XXXX2750,Amex,0
374,ProductD,414.65,5757XXXX2967,Mastercard,0
375,ProductA,35.13,5088XXXX5178,Amex,0
376,ProductD,164.59,8789XXXX3946,Amex,0
377,ProductD,718.81,6394XXXX8880,Visa,0
378,ProductA,662.33,6075XXXX8230,Amex,0
379,ProductB,36.83,2531XXXX3990,Amex,0
380,ProductA,229.75,8155XXXX5493,Visa,0
381,ProductD,238.76,1933XXXX2460,Amex,0
382,ProductB,675.17,3723XXXX1285,Visa,0
383,ProductD,29.51,1264XXXX7816,Mastercard,0
384,ProductA,113.07,2762XXXX1040,Visa,0
385,ProductA,801.92,6827XXXX9259,Amex,0
386,ProductD,186.76,1987XXXX8804,Visa,0
387,ProductC,656.22,8789XXXX6717,Amex,0
388,ProductC,245.8,4198XXXX6374,Mastercard,0
389,ProductA,108.45,5790XXXX8183,Visa,0
390,ProductA,250.74,3524XXXX3479,Mastercard,0
391,ProductC,725.04,6154XXXX1778,Amex,0
392,ProductC,857.14,2492XXXX1660,Amex,0
393,ProductD,831.92,2348XXXX8851,Mastercard,0
394,ProductD,403.21,8156XXXX3044,Visa,0
395,ProductC,671.4,8368XXXX4516,Visa,0
396,ProductD,212.93,5577XXXX1727,Amex,0
397,ProductD,300.22,8468XXXX1342,Mastercard,0
398,ProductB,897.37,2447XXXX7581,Mastercard,0
399,ProductD,22.87,7317XXXX1526,Visa,0
400,ProductA,94.65,7748XXXX1405,Visa,0
401,ProductD,215.81,8986XXXX4740,Visa,0
402,ProductD,36.27,2846XXXX2478,Mastercard,0
403,ProductC,189.62,1771XXXX6525,Visa,0
404,ProductA,587.21,9770XXXX1193,Visa,0
405,ProductD,427.21,3007XXXX2185,Amex,0
406,ProductD,893.74,3394XXXX5005,Visa,0
407,ProductB,819.27,8429XXXX3261,Visa,0
408,ProductD,348.4,4736XXXX7716,Mastercard,0
409,ProductD,266.83,5875XXXX9921,Mastercard,0
410,ProductB,385.9,5378XXXX8815,Amex,0
411,ProductC,594.39,4451XXXX8616,Visa,0
412,ProductD,275.38,3800XXXX9333,Amex,0
413,ProductB,627.91,6410XXXX2455,Mastercard,0
414,ProductA,415.32,7892XXXX6808,Amex,0
415,ProductC,556.53,7796XXXX5796,Mastercard,0
416,ProductA,441.77,6093XXXX2325,Amex,0
417,ProductA,301.52,5976XXXX2159,Amex,0
418,ProductB,948.97,5650XXXX5987,Visa,0
419,ProductD,765.97,5697XXXX1340,Amex,0
420,ProductB,148.71,4828XXXX2968,Visa,0
421,ProductB,869.78,1703XXXX6482,Visa,0
422,ProductB,492.56,7376XXXX2800,Visa,0
423,ProductB,895.61,6463XXXX5912,Visa,0
424,ProductC,801.86,5648XXXX1855,Amex,0
425,ProductD,430.96,3866XXXX1182,Mastercard,0
426,ProductA,32.24,4112XXXX6670,Mastercard,0
427,ProductA,275.99,5492XXXX6823,Mastercard,0
428,ProductD,546.22,2517XXXX6002,Amex,0
429,ProductA,637.14,2356XXXX4629,Visa,0
430,ProductD,265.31,4628XXXX9210,Mastercard,0
431,ProductA,147.96,7132XXXX7588,Amex,0
432,ProductB,836.58,4311XXXX7048,Visa,0
433,ProductA,984.56,7246XXXX1987,Mastercard,1
434,ProductD,530.43,4321XXXX5615,Visa,0
435,ProductD,179.96,9365XXXX4741,Mastercard,0
436,ProductD,279.58,4052XXXX7574,Mastercard,0
437,ProductD,28.21,1726XXXX4760,Mastercard,0
438,ProductD,915.16,6806XXXX2875,Visa,0
439,ProductC,126.57,7993XXXX5033,Amex,0
440,ProductC,580.75,6443XXXX1989,Visa,0
441,ProductA,281.31,4744XXXX9611,Mastercard,0
442,ProductD,558.64,1593XXXX2774,Visa,0
443,ProductA,654.91,1935XXXX4808,Amex,0
444,ProductD,831.44,1331XXXX8922,Visa,0
445,ProductD,214.36,3702XXXX6889,Amex,0
446,ProductC,20.89,6054XXXX4868,Amex,0
447,ProductC,145.52,5200XXXX1201,Visa,0
448,ProductB,901.02,3497XXXX2842,Mastercard,0
449,ProductC,875.15,5658XXXX8544,Amex,0
450,ProductB,601.44,8718XXXX1770,Visa,0
451,ProductB,604.51,4155XXXX2628,Amex,0
452,ProductB,668.39,1386XXXX7031,Mastercard,0
453,ProductB,183.62,7439XXXX7401,Visa,0
454,ProductB,915.27,5008XXXX3466,Visa,0
455,ProductA,424.58,3282XXXX2856,Visa,0
456,ProductC,389.31,8980XXXX2998,Mastercard,0
457,ProductB,523.73,6476XXXX5669,Amex,0
458,ProductD,56.5,5318XXXX8064,Visa,0
459,ProductC,174.62,8446XXXX2431,Amex,0
460,ProductC,740.65,6624XXXX8461,Amex,0
461,ProductB,91.97,2819XXXX2130,Mastercard,0
462,ProductA,607.12,7563XXXX3658,Visa,0
463,ProductB,252.9,4500XXXX9566,Amex,0
464,ProductA,395.4,3120XXXX5020,Visa,0
465,ProductD,295.81,4259XXXX2823,Visa,0
466,ProductC,362.12,2474XXXX3242,Mastercard,0
467,ProductD,721.86,4243XXXX7990,Visa,0
468,ProductA,304.15,6160XXXX4134,Visa,0
469,ProductA,570.74,3070XXXX1359,Amex,0
470,ProductD,481.29,2141XXXX2635,Mastercard,0
471,ProductA,667.03,5000XXXX4361,Visa,0
472,ProductD,937.46,7583XXXX8835,Amex,0
473,ProductC,735.25,1006XXXX4267,Mastercard,0
474,ProductD,222.79,7564XXXX5928,Mastercard,0
475,ProductC,40.87,3606XXXX6906,Amex,0
476,ProductD,269.64,4273XXXX8611,Amex,0
477,ProductA,599.13,1913XXXX3011,Amex,0
478,ProductD,60.91,2442XXXX6546,Amex,0
479,ProductA,501.4,2829XXXX9767,Amex,0
480,ProductD,600.87,7468XXXX1929,Visa,0
481,ProductD,340.9,4699XXXX2054,Visa,0
482,ProductB,773.2,6744XXXX2900,Mastercard,0
483,ProductA,115.53,7980XXXX8069,Visa,0
484,ProductB,84.39,4415XXXX1442,Visa,0
485,ProductA,730.91,7218XXXX5652,Visa,0
486,ProductB,500.54,8939XXXX8833,Amex,0
487,ProductC,691.52,8597XXXX5458,Mastercard,0
488,ProductD,440.48,7591XXXX3309,Mastercard,0
489,ProductA,253.94,7268XXXX1910,Mastercard,0
490,ProductA,820.91,5340XXXX5009,Mastercard,0
491,ProductD,801.42,7628XXXX3169,Visa,0
492,ProductA,697.75,3172XXXX6668,Visa,0
493,ProductA,279.42,7313XXXX9315,Amex,0
494,ProductB,594.33,9036XXXX7789,Mastercard,0
495,ProductA,367.36,1785XXXX7139,Visa,0
496,ProductC,100.67,7344XXXX3416,Visa,0
497,ProductC,918.14,9988XXXX5154,Amex,0
498,ProductD,145.45,6619XXXX2936,Amex,0
499,ProductA,950.73,4807XXXX8151,Amex,0
500,ProductD,451.55,4236XXXX3352,Visa,0
501,ProductC,193.28,2932XXXX9556,Visa,0
502,ProductA,546.48,5916XXXX6498,Amex,0
503,ProductA,874.22,1946XXXX2439,Mastercard,0
504,ProductD,734.9,8730XXXX5857,Amex,0
505,ProductC,808.5,1340XXXX1382,Amex,0
506,ProductA,662.2,9491XXXX1138,Amex,0
507,ProductD,695.35,1358XXXX5931,Amex,0
508,ProductC,850.7,4456XXXX2627,Visa,0
509,ProductD,257.17,7626XXXX6004,Mastercard,0
510,ProductB,494.53,7652XXXX7416,Amex,0
511,ProductA,229.0,4170XXXX4835,Mastercard,0
512,ProductB,987.79,9017XXXX3151,Mastercard,0
513,ProductC,944.62,7905XXXX3834,Mastercard,0
514,ProductB,49.03,3567XXXX2307,Amex,0
515,ProductB,708.52,9848XXXX3660,Visa,0
516,ProductC,926.0,4730XXXX7207,Amex,0
517,ProductD,188.77,4162XXXX2140,Mastercard,0
518,ProductB,572.27,9458XXXX2708,Mastercard,0
519,ProductD,916.33,4630XXXX4211,Visa,0
520,ProductB,43.61,7538XXXX1475,Amex,0
521,ProductD,700.45,8684XXXX2207,Mastercard,0
522,ProductC,304.38,2960XXXX1557,Visa,0
523,ProductB,925.15,1882XXXX5761,Mastercard,0
524,ProductC,971.35,6867XXXX7963,Visa,0
525,ProductB,944.82,8166XXXX8929,Visa,0
526,ProductC,479.47,6347XXXX8269,Amex,0
527,ProductC,863.42,9125XXXX3454,Mastercard,0
528,ProductB,846.1,5494XXXX2946,Amex,0
529,ProductB,325.91,3808XXXX7642,Mastercard,0
530,ProductB,830.63,4825XXXX4536,Amex,0
531,ProductA,46.64,7068XXXX4802,Mastercard,0
532,ProductD,600.31,5699XXXX2970,Amex,0
533,ProductA,237.71,6806XXXX7142,Visa,0
534,ProductA,129.36,3819XXXX1364,Mastercard,0
535,ProductC,86.18,5258XXXX4119,Mastercard,0
536,ProductB,699.33,2863XXXX1115,Visa,0
537,ProductD,346.48,8084XXXX9016,Amex,0
538,ProductC,727.52,3384XXXX4935,Mastercard,0
539,ProductA,74.7,8742XXXX6442,Mastercard,0
540,ProductB,322.14,3490XXXX7980,Amex,0
541,ProductC,544.1,8661XXXX2724,Visa,0
542,ProductB,792.82,9182XXXX3767,Amex,0
543,ProductC,325.56,2137XXXX5117,Amex,0
544,ProductB,629.63,4420XXXX6845,Amex,0
545,ProductA,887.12,5778XXXX4906,Mastercard,0
546,ProductD,619.7,4637XXXX3953,Visa,0
547,ProductA,240.63,6929XXXX1276,Visa,0
548,ProductD,34.16,2999XXXX2227,Amex,0
549,ProductB,871.4,7337XXXX4735,Mastercard,0
550,ProductC,31.06,1695XXXX5152,Amex,0
551,ProductA,875.95,8901XXXX8470,Mastercard,0
552,ProductD,533.65,8537XXXX3841,Mastercard,0
553,ProductA,939.68,5208XXXX9733,Mastercard,0
554,ProductD,800.8,2088XXXX4363,Mastercard,0
555,ProductA,997.95,1024XXXX7144,Visa,0
556,ProductD,357.2,6668XXXX5236,Mastercard,0
557,ProductD,769.52,9068XXXX3235,Mastercard,0
558,ProductB,407.91,8295XXXX9392,Amex,0
559,ProductD,485.08,9448XXXX4747,Amex,0
560,ProductB,631.23,4175XXXX5897,Visa,0
561,ProductD,874.94,6037XXXX8427,Amex,0
562,ProductC,984.24,9605XXXX3014,Mastercard,0
563,ProductC,770.59,2381XXXX2098,Amex,0
564,ProductC,423.59,4426XXXX4655,Visa,0
565,ProductD,427.14,8938XXXX1187,Amex,0
566,ProductB,740.21,6409XXXX3092,Amex,0
567,ProductB,246.39,3130XXXX6242,Visa,0
568,ProductD,119.37,9549XXXX6647,Visa,0
569,ProductC,361.08,6185XXXX6776,Mastercard,0
570,ProductC,294.37,8913XXXX8547,Amex,0
571,ProductB,303.35,8823XXXX8355,Mastercard,0
572,ProductC,241.27,7465XXXX2497,Amex,0
573,ProductA,51.67,3555XXXX6409,Amex,0
574,ProductB,27.7,3951XXXX2238,Mastercard,0
575,ProductC,987.85,5727XXXX4965,Amex,0
576,ProductB,433.5,6686XXXX4701,Amex,0
577,ProductA,390.48,3780XXXX8398,Amex,0
578,ProductB,682.85,2588XXXX3368,Visa,0
579,ProductB,226.07,6789XXXX1436,Mastercard,0
580,ProductB,950.46,3828XXXX2556,Visa,0
581,ProductB,788.48,8570XXXX8480,Mastercard,0
582,ProductA,98.52,1182XXXX8190,Mastercard,0
583,ProductD,423.4,7687XXXX6565,Amex,0
584,ProductB,880.33,8241XXXX8651,Mastercard,0
585,ProductB,945.28,6575XXXX2589,Visa,0
586,ProductC,472.73,9851XXXX1159,Visa,0
587,ProductB,617.28,7555XXXX9244,Visa,0
588,ProductC,175.36,7846XXXX3307,Mastercard,0
589,ProductD,991.26,2228XXXX8226,Visa,0
590,ProductA,239.35,6590XXXX7919,Mastercard,0
591,ProductA,943.3,6585XXXX7046,Visa,0
592,ProductD,653.15,5945XXXX8927,Visa,0
593,ProductA,611.66,8016XXXX8758,Mastercard,0
594,ProductD,517.56,6086XXXX8161,Visa,0
595,ProductD,238.36,2884XXXX2809,Amex,0
596,ProductD,184.76,4167XXXX7352,Mastercard,0
597,ProductA,228.28,7056XXXX3437,Mastercard,0
598,ProductC,194.57,7468XXXX6951,Mastercard,0
599,ProductD,781.79,6276XXXX9859,Amex,0
600,ProductB,356.62,8818XXXX5728,Mastercard,0
601,ProductA,67.26,3624XXXX6738,Visa,0
602,ProductD,969.41,5232XXXX6793,Visa,0
603,ProductD,884.95,5523XXXX6571,Visa,0
604,ProductB,928.47,3224XXXX9389,Mastercard,0
605,ProductC,994.96,7091XXXX9662,Visa,0
606,ProductC,182.16,7361XXXX2948,Mastercard,0
607,ProductC,402.28,8094XXXX7318,Visa,0
608,ProductD,760.66,4796XXXX1234,Amex,0
609,ProductD,699.06,4607XXXX9043,Amex,0
610,ProductD,162.36,1522XXXX6904,Amex,0
611,ProductA,817.67,5888XXXX6832,Amex,0
612,ProductB,232.2,8122XXXX6842,Mastercard,0
613,ProductD,231.58,2316XXXX2124,Visa,0
614,ProductB,541.6,6621XXXX6423,Amex,0
615,ProductB,597.01,3587XXXX6672,Mastercard,0
616,ProductC,584.29,2378XXXX4374,Amex,0
617,ProductA,100.57,2519XXXX6777,Amex,0
618,ProductD,878.69,8935XXXX7093,Mastercard,0
619,ProductC,272.94,9418XXXX6355,Mastercard,0
620,ProductC,138.22,5968XXXX6574,Visa,0
621,ProductD,889.86,5072XXXX3257,Visa,0
622,ProductB,956.09,9588XXXX5424,Amex,0
623,ProductC,863.51,4237XXXX4893,Amex,0
624,ProductB,811.42,3005XXXX3016,Visa,0
625,ProductA,658.69,2772XXXX9353,Visa,0
626,ProductB,555.35,4976XXXX2751,Mastercard,0
627,ProductA,96.12,9967XXXX8430,Visa,0
628,ProductB,414.37,8170XXXX7469,Visa,0
629,ProductC,378.96,4220XXXX1539,Amex,0
630,ProductC,267.16,2461XXXX6184,Visa,0
631,ProductA,726.19,9547XXXX1234,Amex,0
632,ProductD,500.92,2548XXXX8480,Visa,0
633,ProductA,90.24,5213XXXX2673,Mastercard,0
634,ProductA,227.98,7708XXXX8982,Visa,0
635,ProductB,686.43,3100XXXX4748,Visa,0
636,ProductB,85.37,4173XXXX2815,Visa,0
637,ProductA,852.69,4841XXXX9016,Amex,0
638,ProductC,500.2,8011XXXX5493,Mastercard,0
639,ProductB,485.78,1674XXXX9088,Visa,0
640,ProductD,596.48,9578XXXX3158,Amex,0
641,ProductB,826.43,3661XXXX3064,Mastercard,0
642,ProductB,354.33,4253XXXX5979,Amex,0
643,ProductD,681.24,8703XXXX9931,Amex,0
644,ProductA,570.07,2401XXXX4259,Mastercard,0
645,ProductD,274.36,4923XXXX5214,Visa,0
646,ProductA,879.84,4227XXXX3745,Amex,0
647,ProductA,799.45,7091XXXX4866,Amex,0
648,ProductA,661.87,6818XXXX3222,Visa,0
649,ProductD,852.08,3792XXXX5063,Visa,0
650,ProductA,868.62,2524XXXX9224,Mastercard,0
651,ProductC,711.28,7198XXXX5025,Mastercard,0
652,ProductD,838.64,3566XXXX3803,Mastercard,0
653,ProductC,700.5,4709XXXX7155,Visa,0
654,ProductA,683.34,1719XXXX7516,Amex,1
655,ProductB,622.43,5579XXXX1972,Amex,0
656,ProductA,755.19,4718XXXX8395,Mastercard,0
657,ProductC,167.02,5402XXXX5552,Visa,0
658,ProductC,882.06,3207XXXX5426,Amex,0
659,ProductD,873.13,7919XXXX9835,Mastercard,0
660,ProductB,38.95,9386XXXX9680,Amex,0
661,ProductD,827.56,3204XXXX6345,Amex,0
662,ProductC,137.58,4276XXXX2102,Visa,0
663,ProductA,341.77,6243XXXX7614,Visa,0
664,ProductB,746.07,9707XXXX6223,Amex,0
665,ProductA,169.15,9584XXXX1630,Mastercard,0
666,ProductA,819.79,7683XXXX1277,Visa,0
667,ProductB,833.81,1232XXXX6690,Amex,0
668,ProductD,512.39,8659XXXX1025,Visa,0
669,ProductA,16.32,8468XXXX7410,Visa,0
670,ProductC,294.17,9652XXXX4764,Visa,0
671,ProductA,620.76,7599XXXX6102,Amex,0
672,ProductB,981.37,8006XXXX4483,Mastercard,0
673,ProductB,635.5,2994XXXX9682,Mastercard,0
674,ProductB,267.21,2072XXXX7707,Mastercard,0
675,ProductD,637.67,1215XXXX8605,Visa,0
676,ProductA,544.59,3606XXXX9350,Amex,0
677,ProductD,782.05,5781XXXX4313,Visa,0
678,ProductD,115.91,8763XXXX6939,Mastercard,0
679,ProductB,763.42,3295XXXX6685,Mastercard,0
680,ProductB,545.85,2696XXXX2946,Amex,0
681,ProductD,963.36,3783XXXX4644,Visa,0
682,ProductA,348.45,6241XXXX7420,Mastercard,0
683,ProductC,636.3,8557XXXX3645,Amex,0
684,ProductD,932.71,7589XXXX7353,Visa,0
685,ProductA,111.48,2932XXXX2757,Visa,0
686,ProductB,937.86,6085XXXX6637,Mastercard,0
687,ProductB,691.01,2116XXXX1492,Mastercard,0
688,ProductA,77.16,9811XXXX8888,Visa,0
689,ProductC,307.95,7474XXXX5958,Visa,0
690,ProductB,711.09,3743XXXX8866,Mastercard,0
691,ProductB,76.68,8160XXXX6451,Visa,0
692,ProductB,586.35,6258XXXX9548,Mastercard,0
693,ProductA,352.42,8186XXXX7102,Visa,0
694,ProductD,624.71,1619XXXX1882,Mastercard,0
695,ProductB,55.28,9988XXXX4642,Amex,0
696,ProductD,872.82,2296XXXX9436,Mastercard,0
697,ProductC,973.75,3895XXXX7593,Mastercard,0
698,ProductB,969.19,1929XXXX6366,Amex,0
699,ProductB,752.16,9711XXXX4212,Visa,0
700,ProductC,138.79,3409XXXX9199,Amex,0
701,ProductB,760.68,4423XXXX7976,Mastercard,0
702,ProductD,34.34,8594XXXX6158,Visa,0
703,ProductA,31.9,4667XXXX6973,Amex,0
704,ProductD,330.37,7236XXXX9277,Visa,0
705,ProductA,493.76,3468XXXX7217,Visa,0
706,ProductA,772.7,4619XXXX2636,Amex,0
707,ProductD,686.46,9155XXXX4583,Visa,0
708,ProductD,451.44,5009XXXX4326,Amex,0
709,ProductD,280.89,9148XXXX3217,Mastercard,0
710,ProductD,997.15,5967XXXX3369,Visa,0
711,ProductC,431.92,4638XXXX6722,Mastercard,0
712,ProductB,456.87,5444XXXX8618,Mastercard,0
713,ProductA,171.99,4947XXXX2676,Visa,0
714,ProductD,796.86,2196XXXX3787,Amex,0
715,ProductD,696.75,8432XXXX8927,Visa,0
716,ProductD,228.56,4318XXXX9858,Mastercard,0
717,ProductC,91.56,7689XXXX3176,Mastercard,0
718,ProductD,683.69,4743XXXX9792,Amex,0
719,ProductD,657.97,5422XXXX4824,Visa,0
720,ProductD,280.53,3451XXXX1628,Mastercard,0
721,ProductB,951.35,8778XXXX4696,Mastercard,0
722,ProductC,159.55,4674XXXX4929,Mastercard,0
723,ProductD,438.01,3765XXXX5369,Amex,0
724,ProductA,944.18,9307XXXX5956,Mastercard,0
725,ProductA,425.53,1692XXXX4162,Mastercard,0
726,ProductA,642.14,2105XXXX4008,Visa,0
727,ProductC,403.62,3161XXXX9345,Visa,0
728,ProductC,281.47,4699XXXX4786,Mastercard,0
729,ProductA,984.14,5200XXXX2913,Mastercard,0
730,ProductD,415.24,6520XXXX2772,Visa,0
731,ProductC,895.16,3780XXXX8423,Amex,0
732,ProductA,237.66,3871XXXX1660,Amex,0
733,ProductA,220.97,7242XXXX2132,Amex,0
734,ProductD,40.82,1699XXXX8470,Amex,0
735,ProductB,655.15,7297XXXX8812,Amex,0
736,ProductC,374.84,5557XXXX3179,Amex,0
737,ProductD,865.71,9275XXXX2422,Amex,0
738,ProductA,478.48,4180XXXX5316,Amex,0
739,ProductA,968.51,7696XXXX1614,Visa,0
740,ProductD,193.67,5570XXXX1270,Amex,0
741,ProductC,869.94,3468XXXX4607,Amex,0
742,ProductB,778.83,4075XXXX1289,Amex,0
743,ProductB,773.21,9120XXXX7614,Mastercard,0
744,ProductA,846.34,4252XXXX8415,Visa,1
745,ProductC,763.41,7771XXXX1278,Visa,0
746,ProductB,629.96,1580XXXX5958,Visa,0
747,ProductC,139.93,9445XXXX5276,Amex,0
748,ProductC,42.2,8997XXXX5776,Amex,0
749,ProductA,921.64,1824XXXX4832,Mastercard,0
750,ProductB,620.48,9891XXXX6445,Visa,0
751,ProductD,798.57,2380XXXX7534,Amex,0
752,ProductA,486.71,4156XXXX5307,Visa,0
753,ProductB,126.14,6634XXXX9575,Mastercard,0
754,ProductB,133.93,6810XXXX9533,Mastercard,0
755,ProductB,688.71,6934XXXX4109,Mastercard,0
756,ProductB,436.0,5082XXXX4240,Visa,0
757,ProductB,208.52,7028XXXX2849,Amex,0
758,ProductC,496.68,9497XXXX3749,Amex,0
759,ProductA,73.57,7680XXXX1205,Mastercard,0
760,ProductC,586.15,8352XXXX5591,Amex,0
761,ProductD,276.3,4450XXXX8214,Mastercard,1
762,ProductB,799.58,4811XXXX6141,Visa,0
763,ProductA,317.26,9501XXXX3708,Mastercard,0
764,ProductB,460.67,2991XXXX9463,Visa,0
765,ProductA,21.5,4273XXXX5538,Mastercard,0
766,ProductC,81.72,9712XXXX4722,Amex,0
767,ProductA,398.57,4551XXXX3832,Amex,0
768,ProductD,485.14,6679XXXX7579,Mastercard,0
769,ProductD,604.02,1152XXXX6754,Amex,0
770,ProductA,298.75,3800XXXX6310,Amex,0
771,ProductA,698.03,3610XXXX2104,Amex,0
772,ProductA,861.52,8361XXXX5199,Visa,0
773,ProductA,782.05,4854XXXX8263,Amex,0
774,ProductD,49.22,2914XXXX8365,Visa,0
775,ProductB,485.7,4072XXXX1406,Mastercard,0
776,ProductA,113.88,1166XXXX1508,Amex,0
777,ProductA,249.62,2661XXXX4664,Amex,0
778,ProductD,986.8,4489XXXX1680,Amex,0
779,ProductD,151.07,3524XXXX3120,Mastercard,0
780,ProductC,503.9,6260XXXX5357,Visa,0
781,ProductA,621.97,2363XXXX3292,Visa,0
782,ProductC,705.44,2538XXXX4408,Amex,0
783,ProductD,564.05,8742XXXX9752,Mastercard,0
784,ProductD,19.67,2903XXXX1174,Mastercard,0
785,ProductB,333.2,3230XXXX5287,Mastercard,0
786,ProductA,522.53,5160XXXX8106,Mastercard,0
787,ProductC,96.99,4171XXXX2567,Mastercard,0
788,ProductD,357.12,2151XXXX8619,Visa,0
789,ProductD,42.87,7033XXXX9560,Visa,0
790,ProductC,87.79,5946XXXX9234,Visa,0
791,ProductB,402.95,2907XXXX4490,Amex,0
792,ProductD,141.39,3535XXXX5173,Mastercard,0
793,ProductA,571.87,2293XXXX5769,Amex,0
794,ProductD,692.57,5796XXXX7871,Mastercard,0
795,ProductA,802.58,3972XXXX4922,Visa,0
796,ProductC,208.15,5997XXXX8032,Amex,0
797,ProductA,175.81,1992XXXX9112,Visa,0
798,ProductC,113.52,6287XXXX3240,Mastercard,0
799,ProductA,640.07,2476XXXX7426,Mastercard,0
800,ProductC,709.41,1389XXXX1999,Mastercard,0
801,ProductA,41.27,2855XXXX9125,Visa,0
802,ProductB,936.85,9850XXXX3763,Mastercard,0
803,ProductA,61.45,4663XXXX5986,Visa,0
804,ProductA,545.88,2481XXXX8256,Amex,0
805,ProductB,711.97,4731XXXX8262,Mastercard,0
806,ProductD,872.26,1451XXXX4093,Mastercard,0
807,ProductD,716.95,1882XXXX5408,Mastercard,0
808,ProductA,803.71,5068XXXX4277,Amex,0
809,ProductB,346.06,9566XXXX8951,Mastercard,0
810,ProductA,816.68,5690XXXX5595,Visa,0
811,ProductC,89.31,5559XXXX8291,Visa,0
812,ProductC,895.87,9160XXXX1112,Mastercard,0
813,ProductA,552.12,6131XXXX4197,Mastercard,0
814,ProductD,819.12,1139XXXX2424,Amex,0
815,ProductD,457.8,3949XXXX4168,Amex,0
816,ProductA,647.14,9708XXXX7043,Amex,0
817,ProductA,531.14,7989XXXX8236,Mastercard,0
818,ProductC,734.27,7261XXXX1887,Amex,0
819,ProductD,90.81,4104XXXX1049,Amex,0
820,ProductA,69.75,4951XXXX4560,Visa,0
821,ProductC,254.63,1018XXXX5821,Amex,0
822,ProductD,167.95,7340XXXX9058,Visa,0
823,ProductB,873.07,3606XXXX8846,Visa,0
824,ProductC,227.02,9643XXXX7432,Amex,0
825,ProductD,976.11,4765XXXX3438,Visa,0
826,ProductD,343.53,7358XXXX9319,Mastercard,0
827,ProductC,190.3,6941XXXX8644,Mastercard,0
828,ProductB,791.8,5855XXXX7547,Amex,0
829,ProductC,662.12,8196XXXX6911,Mastercard,0
830,ProductD,503.21,7481XXXX3761,Visa,0
831,ProductA,559.81,5456XXXX7361,Mastercard,0
832,ProductA,722.01,6693XXXX6788,Amex,0
833,ProductC,236.17,1201XXXX7160,Amex,0
834,ProductD,996.37,1517XXXX8737,Visa,0
835,ProductA,975.05,2988XXXX4802,Amex,0
836,ProductD,653.82,6808XXXX8162,Mastercard,0
837,ProductC,207.55,7241XXXX9399,Amex,0
838,ProductA,683.43,6633XXXX6755,Visa,0
839,ProductD,81.48,7309XXXX5117,Amex,0
840,ProductA,40.35,9345XXXX2518,Mastercard,0
841,ProductC,265.11,7163XXXX3600,Visa,0
842,ProductD,468.0,3195XXXX4554,Mastercard,0
843,ProductA,869.59,3849XXXX2742,Visa,0
844,ProductC,729.9,2306XXXX4849,Amex,0
845,ProductA,745.28,8519XXXX5195,Visa,0
846,ProductA,431.24,6178XXXX3555,Visa,0
847,ProductB,352.48,3305XXXX8619,Amex,0
848,ProductB,377.33,3642XXXX7409,Mastercard,0
849,ProductC,987.77,5757XXXX3994,Amex,0
850,ProductB,49.71,9751XXXX2271,Visa,0
851,ProductC,868.36,2813XXXX9801,Amex,0
852,ProductB,582.89,3461XXXX5120,Visa,0
853,ProductA,444.23,7124XXXX9475,Amex,0
854,ProductC,728.01,5396XXXX1816,Amex,0
855,ProductC,491.8,8304XXXX8331,Mastercard,0
856,ProductA,874.69,1082XXXX2920,Visa,0
857,ProductC,901.69,8817XXXX3093,Mastercard,0
858,ProductC,427.5,8071XXXX8967,Visa,0
859,ProductB,284.06,9367XXXX6285,Amex,0
860,ProductC,596.43,5937XXXX1369,Visa,0
861,ProductD,913.24,2818XXXX3101,Mastercard,0
862,ProductA,218.56,4490XXXX2779,Mastercard,0
863,ProductB,626.74,8674XXXX2364,Mastercard,0
864,ProductB,635.24,8294XXXX4676,Visa,0
865,ProductD,735.78,3426XXXX9264,Mastercard,0
866,ProductA,140.25,9089XXXX3962,Mastercard,0
867,ProductA,718.67,1859XXXX5138,Mastercard,0
868,ProductB,909.94,3424XXXX5017,Amex,0
869,ProductC,187.89,9560XXXX9342,Amex,0
870,ProductB,245.17,2134XXXX6166,Visa,0
871,ProductA,971.68,6119XXXX6694,Visa,0
872,ProductD,189.17,7136XXXX6485,Mastercard,0
873,ProductB,855.84,5164XXXX3346,Amex,0
874,ProductA,497.36,6039XXXX5897,Mastercard,0
875,ProductB,254.76,9252XXXX6041,Mastercard,0
876,ProductC,872.04,4901XXXX2337,Amex,0
877,ProductB,450.85,2184XXXX5426,Amex,0
878,ProductB,519.67,2551XXXX2629,Amex,0
879,ProductA,365.64,2526XXXX2361,Visa,0
880,ProductA,597.02,5370XXXX6283,Visa,0
881,ProductA,171.89,8610XXXX2993,Mastercard,0
882,ProductB,397.17,1869XXXX2014,Visa,0
883,ProductC,969.72,1602XXXX1690,Amex,0
884,ProductD,265.55,9685XXXX1489,Amex,0
885,ProductD,660.17,7864XXXX8240,Visa,0
886,ProductA,331.94,8786XXXX9024,Mastercard,0
887,ProductA,775.74,1294XXXX6488,Mastercard,0
888,ProductB,139.56,5027XXXX3912,Visa,0
889,ProductD,970.12,5744XXXX2873,Mastercard,0
890,ProductA,459.25,4258XXXX3817,Mastercard,0
891,ProductC,243.69,9636XXXX4641,Mastercard,0
892,ProductC,82.76,5458XXXX6307,Amex,0
893,ProductA,178.06,9933XXXX3041,Amex,0
894,ProductA,524.58,1679XXXX6738,Visa,0
895,ProductD,343.63,6668XXXX8697,Amex,0
896,ProductD,830.59,9033XXXX1062,Mastercard,0
897,ProductB,436.58,8829XXXX8352,Amex,0
898,ProductD,256.23,7915XXXX9326,Visa,0
899,ProductC,620.97,4644XXXX5970,Amex,0
900,ProductC,709.71,9003XXXX4278,Mastercard,0
901,ProductA,175.37,8296XXXX4074,Mastercard,0
902,ProductD,175.94,9312XXXX8552,Visa,0
903,ProductB,46.3,2637XXXX6103,Amex,0
904,ProductC,739.04,1644XXXX3032,Amex,0
905,ProductC,667.17,3761XXXX3068,Amex,0
906,ProductB,479.88,1241XXXX3668,Mastercard,0
907,ProductB,845.73,1802XXXX6059,Visa,0
908,ProductC,807.61,1195XXXX3187,Amex,0
909,ProductC,589.5,3330XXXX5841,Mastercard,0
910,ProductB,869.59,4606XXXX9468,Mastercard,0
911,ProductC,213.78,1060XXXX4927,Mastercard,0
912,ProductA,120.8,7296XXXX3591,Amex,0
913,ProductA,277.05,9758XXXX7121,Amex,0
914,ProductB,66.52,2200XXXX3854,Amex,0
915,ProductD,535.86,8024XXXX7972,Amex,0
916,ProductB,937.24,1136XXXX2029,Amex,0
917,ProductB,48.95,3594XXXX8206,Amex,0
918,ProductD,130.89,1661XXXX3472,Amex,0
919,ProductD,457.68,1086XXXX7219,Amex,0
920,ProductD,934.54,9143XXXX7968,Amex,0
921,ProductA,322.99,3773XXXX2700,Mastercard,0
922,ProductC,512.16,3700XXXX7815,Amex,0
923,ProductA,51.16,2647XXXX7038,Visa,0
924,ProductC,156.86,6164XXXX6520,Mastercard,0
925,ProductA,986.76,4687XXXX1596,Amex,0
926,ProductC,965.47,5545XXXX9676,Visa,0
927,ProductA,14.89,9837XXXX5757,Amex,0
928,ProductD,952.29,5384XXXX9912,Visa,0
929,ProductB,642.73,5733XXXX8081,Visa,0
930,ProductA,869.24,9690XXXX8117,Visa,0
931,ProductC,460.19,5729XXXX2673,Visa,0
932,ProductD,520.44,9306XXXX8178,Mastercard,0
933,ProductA,493.96,3294XXXX4630,Mastercard,0
934,ProductA,670.2,1146XXXX4453,Visa,0
935,ProductD,148.25,5507XXXX6783,Amex,0
936,ProductA,39.67,8751XXXX6628,Visa,0
937,ProductB,314.85,9328XXXX4360,Mastercard,0
938,ProductA,707.63,4005XXXX4552,Amex,0
939,ProductB,209.83,1018XXXX3242,Mastercard,0
940,ProductB,676.7,7318XXXX6097,Mastercard,0
941,ProductD,970.21,9640XXXX2948,Amex,0
942,ProductA,102.96,6618XXXX5236,Visa,0
943,ProductD,675.88,7901XXXX2920,Visa,0
944,ProductA,449.31,5188XXXX1238,Visa,0
945,ProductA,869.46,1204XXXX6552,Visa,0
946,ProductC,185.38,5927XXXX5390,Amex,0
947,ProductA,695.7,3687XXXX5951,Amex,0
948,ProductD,839.73,7160XXXX6388,Amex,0
949,ProductB,945.17,6126XXXX1816,Mastercard,0
950,ProductA,686.42,1192XXXX2776,Amex,0
951,ProductC,502.2,4645XXXX7314,Visa,0
952,ProductD,621.67,9442XXXX2788,Mastercard,0
953,ProductA,870.22,8374XXXX4700,Visa,0
954,ProductD,574.9,4893XXXX7811,Visa,0
955,ProductC,40.08,3679XXXX4904,Amex,0
956,ProductC,931.64,8260XXXX1504,Amex,0
957,ProductD,692.63,7773XXXX4816,Visa,0
958,ProductA,679.75,1717XXXX5434,Visa,0
959,ProductB,223.52,1658XXXX6057,Mastercard,0
960,ProductC,662.3,5008XXXX5994,Amex,0
961,ProductA,399.93,5234XXXX4764,Mastercard,0
962,ProductA,654.72,5637XXXX3104,Mastercard,0
963,ProductB,115.53,7801XXXX9575,Mastercard,0
964,ProductC,661.27,3607XXXX9385,Visa,0
965,ProductC,999.42,4719XXXX3581,Mastercard,0
966,ProductA,57.73,3565XXXX3763,Mastercard,0
967,ProductA,977.4,7328XXXX6991,Visa,0
968,ProductB,412.84,4406XXXX9923,Amex,0
969,ProductB,872.05,5780XXXX5177,Amex,0
970,ProductC,784.56,7476XXXX3604,Mastercard,0
971,ProductD,571.35,9181XXXX3382,Visa,0
972,ProductC,741.06,1531XXXX7079,Amex,0
973,ProductA,879.73,1634XXXX1002,Mastercard,0
974,ProductC,410.1,9397XXXX6951,Mastercard,0
975,ProductD,333.76,6626XXXX8739,Visa,0
976,ProductB,670.92,7003XXXX3890,Mastercard,0
977,ProductD,809.77,7239XXXX9026,Amex,0
978,ProductD,764.66,4306XXXX1897,Visa,0
979,ProductD,799.84,1670XXXX8291,Amex,0
980,ProductB,441.23,2505XXXX7460,Amex,0
981,ProductD,819.66,6167XXXX6255,Amex,0
982,ProductD,129.01,1249XXXX7457,Mastercard,0
983,ProductD,549.04,2892XXXX4439,Mastercard,0
984,ProductA,15.7,3854XXXX4792,Amex,0
985,ProductD,331.34,6330XXXX8871,Amex,0
986,ProductB,372.8,9235XXXX4612,Visa,0
987,ProductD,402.21,3618XXXX5678,Visa,0
988,ProductD,698.51,4163XXXX3942,Mastercard,0
989,ProductB,394.67,9411XXXX2925,Mastercard,0
990,ProductD,454.21,3972XXXX1990,Visa,0
991,ProductB,245.17,2812XXXX9995,Amex,0
992,ProductD,379.52,1489XXXX6876,Mastercard,0
993,ProductB,235.0,4645XXXX8081,Amex,0
994,ProductD,82.46,3891XXXX4516,Visa,0
995,ProductD,607.41,4340XXXX7410,Mastercard,0
996,ProductA,671.53,1053XXXX3575,Mastercard,0
997,ProductA,623.3,1615XXXX6944,Visa,0
998,ProductD,468.86,8404XXXX1954,Mastercard,0
999,ProductD,385.99,2629XXXX7859,Visa,0
1000,ProductC,864.7,9841XXXX4278,Mastercard,0
